epoch,time,train/box_loss,train/cls_loss,train/dfl_loss,metrics/precision(B),metrics/recall(B),metrics/mAP50(B),metrics/mAP50-95(B),val/box_loss,val/cls_loss,val/dfl_loss,lr/pg0,lr/pg1,lr/pg2
1,19.5449,0.91361,0.56787,1.1751,0.97603,0.99778,0.98544,0.75764,1.02135,0.47795,1.14654,0.000530409,0.000530409,0.000530409
2,23.6377,0.95943,0.6002,1.1888,0.9345,0.96589,0.98493,0.72489,1.05035,0.594,1.12873,0.00107532,0.00107532,0.00107532
3,27.8685,1.00353,0.63209,1.20505,0.87243,0.86735,0.9312,0.63355,1.04267,0.9876,1.22493,0.00160924,0.00160924,0.00160924
4,31.7627,1.03308,0.68107,1.23055,0.92503,1,0.98162,0.62334,1.12801,0.6827,1.27469,0.00161749,0.00161749,0.00161749
5,34.9603,1.06284,0.69448,1.25064,0.96045,0.9544,0.97289,0.69377,1.02701,0.56249,1.1548,0.00160099,0.00160099,0.00160099
6,38.1721,1.09304,0.67202,1.2551,0.95725,0.96591,0.98592,0.65891,1.06146,0.59367,1.19493,0.00158448,0.00158448,0.00158448
7,41.4452,1.04711,0.66182,1.25739,0.8885,0.70122,0.8283,0.4378,1.69462,1.64283,2.16378,0.00156798,0.00156798,0.00156798
8,44.8002,1.07482,0.69899,1.25584,0.61244,0.45789,0.53436,0.28791,1.6788,2.24338,1.72254,0.00155148,0.00155148,0.00155148
9,48.1068,1.05514,0.64979,1.23202,0.59846,0.58003,0.49905,0.21598,2.07665,2.60405,2.51938,0.00153497,0.00153497,0.00153497
10,51.2548,1.04529,0.66672,1.24051,0.95574,0.97457,0.98441,0.6539,1.14662,0.60062,1.22839,0.00151847,0.00151847,0.00151847
11,54.42,1.02101,0.64922,1.23553,0.96892,1,0.99104,0.72572,1.01355,0.62423,1.17518,0.00150197,0.00150197,0.00150197
12,57.5673,1.02444,0.63974,1.23694,0.95872,0.99369,0.9858,0.70702,1.1873,0.5855,1.30002,0.00148546,0.00148546,0.00148546
13,60.8191,1.00355,0.62554,1.22048,0.95346,0.92816,0.97551,0.69507,1.10415,0.55875,1.25448,0.00146896,0.00146896,0.00146896
14,64.0326,0.99402,0.60946,1.17489,0.79351,0.87489,0.90419,0.56514,1.20077,1.25392,1.36335,0.00145246,0.00145246,0.00145246
15,68.1182,1.04666,0.63802,1.23359,0.98023,0.9754,0.98467,0.69947,1.08999,0.57557,1.18495,0.00143595,0.00143595,0.00143595
16,72.3679,0.96238,0.60917,1.1873,0.96407,0.99186,0.98377,0.7158,0.96093,0.57253,1.143,0.00141945,0.00141945,0.00141945
17,76.0564,0.99746,0.62742,1.19722,0.92762,0.94449,0.9879,0.6958,1.05108,0.66364,1.14055,0.00140295,0.00140295,0.00140295
18,79.3601,0.96072,0.58666,1.18926,0.98753,1,0.99,0.74213,1.00607,0.49926,1.13176,0.00138644,0.00138644,0.00138644
19,82.6529,0.97924,0.58256,1.19107,0.9893,0.98365,0.99125,0.74334,1.02096,0.52542,1.12782,0.00136994,0.00136994,0.00136994
20,85.8839,0.93812,0.5876,1.18132,0.98222,1,0.98667,0.74618,1.05666,0.47519,1.16968,0.00135344,0.00135344,0.00135344
21,89.0917,0.92959,0.55882,1.16726,0.68036,0.98003,0.84771,0.61977,1.03079,0.93463,1.16072,0.00133693,0.00133693,0.00133693
22,92.3225,0.97068,0.58774,1.20816,0.86105,0.93509,0.9309,0.68481,1.06693,0.68799,1.13754,0.00132043,0.00132043,0.00132043
23,95.5583,1.00072,0.58728,1.19718,0.97896,0.96875,0.98426,0.7226,0.88357,0.52457,1.07754,0.00130393,0.00130393,0.00130393
24,98.6901,0.98026,0.57598,1.19431,0.97597,1,0.98565,0.75058,0.91679,0.46454,1.08949,0.00128742,0.00128742,0.00128742
25,101.824,0.90038,0.55093,1.14851,0.97879,0.99654,0.99375,0.79241,0.93119,0.4911,1.09596,0.00127092,0.00127092,0.00127092
26,104.957,0.91781,0.55407,1.15738,0.98363,1,0.99177,0.77597,0.84705,0.41428,1.0488,0.00125442,0.00125442,0.00125442
27,108.081,0.94103,0.55938,1.15369,0.98525,0.99833,0.99302,0.77066,0.90809,0.44934,1.07535,0.00123791,0.00123791,0.00123791
28,111.228,0.9466,0.56616,1.17888,0.98768,1,0.98969,0.78296,0.88669,0.47912,1.0821,0.00122141,0.00122141,0.00122141
29,114.388,0.92918,0.56575,1.17185,0.98409,0.98705,0.99,0.7679,0.92149,0.4492,1.09633,0.00120491,0.00120491,0.00120491
30,117.589,0.92894,0.54002,1.15605,0.94162,0.98936,0.98398,0.73011,1.01714,0.6119,1.14598,0.0011884,0.0011884,0.0011884
31,120.766,0.89672,0.53324,1.14277,0.97512,1,0.99125,0.81038,0.8633,0.43331,1.03347,0.0011719,0.0011719,0.0011719
32,123.937,0.90021,0.5443,1.14537,0.98711,0.99972,0.99125,0.78489,0.85099,0.4395,1.04048,0.0011554,0.0011554,0.0011554
33,127.136,0.8927,0.5332,1.14094,0.98679,1,0.99354,0.78598,0.91207,0.43987,1.08542,0.00113889,0.00113889,0.00113889
34,130.415,0.8857,0.52605,1.13605,0.98573,1,0.98615,0.77695,0.95163,0.43497,1.08069,0.00112239,0.00112239,0.00112239
35,133.737,0.85681,0.52022,1.10467,0.98021,1,0.99021,0.78536,0.84439,0.41288,1.04371,0.00110589,0.00110589,0.00110589
36,137.004,0.90463,0.52918,1.13683,0.9844,1,0.99125,0.78115,0.9228,0.41471,1.06617,0.00108938,0.00108938,0.00108938
37,140.167,0.88669,0.50958,1.13449,0.9726,1,0.99042,0.76796,0.98473,0.45112,1.12265,0.00107288,0.00107288,0.00107288
38,143.319,0.85813,0.50202,1.11815,0.9774,1,0.99125,0.79233,0.91317,0.42389,1.06085,0.00105638,0.00105638,0.00105638
39,146.449,0.88156,0.50684,1.13009,0.97551,0.99971,0.99198,0.77422,0.89256,0.40091,1.05897,0.00103987,0.00103987,0.00103987
40,149.546,0.86143,0.48971,1.11591,0.98484,0.99921,0.99125,0.7681,0.91089,0.3982,1.07057,0.00102337,0.00102337,0.00102337
41,152.749,0.8403,0.47292,1.10012,0.98686,1,0.98646,0.81029,0.88276,0.36741,1.04632,0.00100687,0.00100687,0.00100687
42,155.977,0.86334,0.48513,1.10362,0.98808,1,0.98552,0.81183,0.81213,0.37737,1.00382,0.000990365,0.000990365,0.000990365
43,159.151,0.81685,0.47005,1.09544,0.98708,1,0.99062,0.79176,0.86354,0.38418,1.03984,0.000973861,0.000973861,0.000973861
44,162.286,0.83402,0.50201,1.10831,0.98824,1,0.9851,0.81193,0.86962,0.37493,1.04329,0.000957358,0.000957358,0.000957358
45,165.475,0.82275,0.48556,1.09207,0.98644,1,0.98594,0.76062,0.94349,0.42253,1.07465,0.000940855,0.000940855,0.000940855
46,168.643,0.82949,0.46573,1.10403,0.98624,1,0.9851,0.80924,0.93087,0.41644,1.0841,0.000924352,0.000924352,0.000924352
47,171.814,0.80455,0.46846,1.08613,0.987,1,0.98729,0.78157,0.94736,0.47551,1.05419,0.000907848,0.000907848,0.000907848
48,174.976,0.82314,0.46508,1.08784,0.98822,1,0.9851,0.80096,0.87962,0.37309,1.05098,0.000891345,0.000891345,0.000891345
49,178.192,0.81847,0.45291,1.10651,0.98737,1,0.99281,0.81976,0.96768,0.38203,1.13069,0.000874842,0.000874842,0.000874842
50,181.391,0.79932,0.45601,1.09368,0.98666,0.99978,0.99021,0.80942,0.90286,0.39216,1.0898,0.000858338,0.000858338,0.000858338
51,184.57,0.79424,0.45211,1.08425,0.98643,0.99918,0.98792,0.79092,0.89319,0.39491,1.04629,0.000841835,0.000841835,0.000841835
52,187.693,0.79135,0.44899,1.08254,0.98785,1,0.98708,0.82341,0.86801,0.39528,1.01499,0.000825332,0.000825332,0.000825332
53,190.883,0.80421,0.46574,1.09181,0.98807,1,0.98573,0.81026,0.81052,0.39973,1.00219,0.000808828,0.000808828,0.000808828
54,194.028,0.78421,0.45603,1.07956,0.89531,0.97718,0.98239,0.82185,0.94062,0.6201,1.0548,0.000792325,0.000792325,0.000792325
55,197.21,0.78471,0.43819,1.07491,0.98763,1,0.9924,0.83452,0.96139,0.41627,1.07192,0.000775822,0.000775822,0.000775822
56,200.457,0.78465,0.45039,1.07842,0.98704,1,0.99198,0.80167,1.0191,0.42567,1.08659,0.000759318,0.000759318,0.000759318
57,203.643,0.77198,0.45231,1.08078,0.9764,1,0.9906,0.81537,1.01841,0.38237,1.11826,0.000742815,0.000742815,0.000742815
58,206.815,0.75709,0.4247,1.06264,0.98781,1,0.99219,0.82233,1.01598,0.3836,1.12646,0.000726312,0.000726312,0.000726312
59,209.957,0.73866,0.42278,1.06374,0.98737,1,0.98969,0.82397,0.94588,0.39359,1.06008,0.000709809,0.000709809,0.000709809
60,213.137,0.77948,0.44603,1.06843,0.98705,1,0.99083,0.8487,0.84328,0.35737,1.02444,0.000693305,0.000693305,0.000693305
61,216.272,0.73378,0.42591,1.05623,0.98779,1,0.98667,0.85284,0.75791,0.33953,0.9745,0.000676802,0.000676802,0.000676802
62,219.413,0.72515,0.41314,1.0524,0.98784,1,0.99062,0.84187,0.79304,0.35472,1.00282,0.000660299,0.000660299,0.000660299
63,222.574,0.72489,0.42567,1.03026,0.98766,1,0.99125,0.83917,0.71721,0.34773,0.96276,0.000643795,0.000643795,0.000643795
64,225.884,0.74569,0.42381,1.05696,0.98809,1,0.99083,0.84715,0.69494,0.32794,0.9478,0.000627292,0.000627292,0.000627292
65,229.078,0.74655,0.41892,1.05775,0.98673,1,0.9926,0.85174,0.85733,0.37823,1.00828,0.000610789,0.000610789,0.000610789
66,232.202,0.73554,0.42623,1.05317,0.98715,1,0.9924,0.84496,0.81865,0.39864,0.99595,0.000594286,0.000594286,0.000594286
67,235.379,0.73434,0.41473,1.05113,0.98753,1,0.99396,0.8672,0.74016,0.37926,0.95932,0.000577782,0.000577782,0.000577782
68,238.53,0.72185,0.40136,1.06376,0.98795,1,0.99281,0.85724,0.74435,0.31996,0.97877,0.000561279,0.000561279,0.000561279
69,241.729,0.72883,0.40383,1.04919,0.98734,1,0.99198,0.85393,0.70974,0.31507,0.96828,0.000544776,0.000544776,0.000544776
70,244.849,0.71494,0.40258,1.0404,0.98823,1,0.98552,0.82482,0.78281,0.34129,1.01484,0.000528272,0.000528272,0.000528272
71,248.064,0.68514,0.38388,1.04147,0.98814,1,0.99083,0.86647,0.6753,0.30991,0.93846,0.000511769,0.000511769,0.000511769
72,251.231,0.71573,0.40076,1.03343,0.9881,1,0.99042,0.86578,0.7366,0.31399,0.95206,0.000495266,0.000495266,0.000495266
73,254.413,0.73906,0.40724,1.04692,0.98818,1,0.98708,0.86015,0.69868,0.29453,0.94507,0.000478762,0.000478762,0.000478762
74,257.549,0.69462,0.39333,1.02739,0.98793,1,0.98906,0.86843,0.70113,0.32598,0.9555,0.000462259,0.000462259,0.000462259
75,260.724,0.72164,0.40505,1.04458,0.98741,1,0.99021,0.86547,0.72087,0.31924,0.95762,0.000445756,0.000445756,0.000445756
76,263.886,0.73592,0.40451,1.05018,0.98813,1,0.98885,0.8599,0.68807,0.31202,0.94713,0.000429253,0.000429253,0.000429253
77,267.015,0.67762,0.38241,1.01962,0.98832,1,0.98885,0.86657,0.62607,0.2933,0.92472,0.000412749,0.000412749,0.000412749
78,270.212,0.68409,0.39179,1.04327,0.98792,1,0.9875,0.86981,0.64971,0.30898,0.93589,0.000396246,0.000396246,0.000396246
79,273.435,0.67105,0.3875,1.03067,0.98794,1,0.98844,0.87605,0.6817,0.31465,0.93021,0.000379743,0.000379743,0.000379743
80,276.567,0.68053,0.38662,1.04645,0.98789,1,0.98594,0.87874,0.68211,0.31514,0.93624,0.000363239,0.000363239,0.000363239
81,279.752,0.69033,0.3854,1.04132,0.98833,1,0.98708,0.88223,0.63037,0.28798,0.92233,0.000346736,0.000346736,0.000346736
82,282.934,0.66089,0.3765,1.00592,0.98808,1,0.98885,0.86841,0.71633,0.32887,0.94697,0.000330233,0.000330233,0.000330233
83,286.138,0.6747,0.38056,1.02957,0.98795,1,0.98927,0.88499,0.71441,0.31993,0.95891,0.000313729,0.000313729,0.000313729
84,289.327,0.65545,0.37385,1.01257,0.98832,1,0.98687,0.88176,0.66191,0.31011,0.9217,0.000297226,0.000297226,0.000297226
85,292.585,0.66514,0.36955,1.02947,0.98776,1,0.98552,0.88718,0.5761,0.27944,0.89878,0.000280723,0.000280723,0.000280723
86,295.752,0.63005,0.37096,1.00566,0.98828,1,0.98573,0.87554,0.60531,0.29156,0.90775,0.00026422,0.00026422,0.00026422
87,298.934,0.64764,0.36627,1.01658,0.98829,1,0.9875,0.88705,0.63552,0.28729,0.91263,0.000247716,0.000247716,0.000247716
88,302.053,0.65402,0.36017,1.02166,0.98818,1,0.98708,0.88735,0.60803,0.28431,0.90105,0.000231213,0.000231213,0.000231213
89,305.22,0.63058,0.35741,1.00189,0.98828,1,0.98552,0.88486,0.62014,0.28554,0.90145,0.00021471,0.00021471,0.00021471
90,308.364,0.62549,0.37099,1.00648,0.98814,1,0.98687,0.89618,0.64781,0.29369,0.91877,0.000198206,0.000198206,0.000198206
91,324.227,0.60805,0.35462,0.97707,0.98798,1,0.99,0.8867,0.69703,0.31119,0.94013,0.000181703,0.000181703,0.000181703
92,327.39,0.56948,0.30776,0.94042,0.98787,1,0.98906,0.88748,0.61806,0.30466,0.90116,0.0001652,0.0001652,0.0001652
93,330.512,0.53857,0.29947,0.93593,0.98804,1,0.99,0.88383,0.56684,0.28739,0.88922,0.000148696,0.000148696,0.000148696
94,333.652,0.53959,0.28387,0.94542,0.98757,1,0.98865,0.89116,0.57389,0.28724,0.89087,0.000132193,0.000132193,0.000132193
95,336.798,0.53032,0.28213,0.93652,0.98712,1,0.99062,0.9008,0.58692,0.29491,0.89269,0.00011569,0.00011569,0.00011569
96,339.943,0.53951,0.2822,0.95136,0.98763,1,0.99062,0.8926,0.57252,0.28019,0.88587,9.91865e-05,9.91865e-05,9.91865e-05
97,343.076,0.52872,0.27932,0.93103,0.98828,1,0.9926,0.89897,0.5672,0.27545,0.88341,8.26832e-05,8.26832e-05,8.26832e-05
98,346.176,0.52731,0.27777,0.94265,0.98828,1,0.99302,0.8993,0.58089,0.2792,0.88925,6.61799e-05,6.61799e-05,6.61799e-05
99,349.318,0.51537,0.26868,0.92701,0.98829,1,0.99302,0.90151,0.57918,0.27721,0.88925,4.96766e-05,4.96766e-05,4.96766e-05
100,352.508,0.50739,0.27202,0.92187,0.98829,1,0.99354,0.90463,0.56061,0.27446,0.88216,3.31733e-05,3.31733e-05,3.31733e-05
